PIPELINE_CODE,TASK_CODE,DEPENDS_ON_PIPELINE_CODE,DEPENDS_ON_TASK_CODE,DEPENDENCY_TYPE,CONSUME_REPAIRS,ACTIVE_FLAG
SALES_DAILY,alert,SALES_DAILY,check_orders,ALWAYS,Y,Y
SALES_DAILY,check_orders,SALES_DAILY,load_orders,SUCCESS,Y,Y
SALES_DAILY,load_orders,SALES_DAILY,fetch_orders,SUCCESS,Y,N
SALES_DAILY,load_orders,SALES_DAILY,setup_orders,SUCCESS,Y,Y
SALES_DAILY,load_orders,SALES_DAILY,validate_feed,SUCCESS,Y,Y
SALES_DAILY,on_failure,SALES_DAILY,fetch_orders,FAILURE,Y,Y
SALES_DAILY,on_failure,SALES_DAILY,load_orders,FAILURE,Y,Y
SALES_DAILY,on_failure,SALES_DAILY,validate_feed,FAILURE,Y,Y
SALES_DAILY,validate_feed,SALES_DAILY,fetch_orders,SUCCESS,Y,Y
SALES_DAILY_EU,alert,SALES_DAILY_EU,check_orders,ALWAYS,Y,Y
SALES_DAILY_EU,check_orders,SALES_DAILY_EU,load_orders,HAS_DATA,Y,Y
SALES_DAILY_EU,load_orders,SALES_DAILY_EU,fetch_orders,SUCCESS,Y,Y
SALES_DAILY_EU,load_orders,SALES_DAILY_EU,setup_orders,SUCCESS,Y,Y
SALES_DAILY_EU,on_failure,SALES_DAILY_EU,fetch_orders,FAILURE,Y,Y
SALES_DAILY_EU,on_failure,SALES_DAILY_EU,load_orders,FAILURE,Y,Y
SALES_DAILY_US,alert,SALES_DAILY_US,check_orders,ALWAYS,Y,N
SALES_DAILY_US,check_orders,SALES_DAILY_US,load_orders,HAS_DATA,Y,N
SALES_DAILY_US,load_orders,SALES_DAILY_US,fetch_orders,SUCCESS,Y,N
SALES_DAILY_US,load_orders,SALES_DAILY_US,setup_orders,SUCCESS,Y,N
SALES_DAILY_US,on_failure,SALES_DAILY_US,fetch_orders,FAILURE,Y,N
SALES_DAILY_US,on_failure,SALES_DAILY_US,load_orders,FAILURE,Y,N
SALES_MART,alert,SALES_MART,publish,ALWAYS,Y,Y
SALES_MART,customer_totals,SALES_DAILY,load_orders,HAS_DATA,Y,N
SALES_MART,publish,SALES_MART,daily_totals,SUCCESS,Y,Y
SALES_MART,publish,SALES_MART,totals_by_region,SUCCESS,Y,Y
