PIPELINE_CODE,TASK_CODE,TASK_TYPE,HANDLER,RUN_CONDITION,RUN_CONDITION_COUNT,ACTIVE_FLAG
SALES_DAILY,alert,ETL,EMAIL_ALERT,,,Y
SALES_DAILY,check_orders,ETL,BUSINESS_RULES,,,Y
SALES_DAILY,fetch_orders,INGESTION,PYTHON,,,Y
SALES_DAILY,load_orders,ETL,SQL,,,Y
SALES_DAILY,on_failure,ETL,EMAIL_ALERT,ANY,,Y
SALES_DAILY,setup_orders,ETL,SQL,,,Y
SALES_DAILY,validate_feed,ETL,PYTHON,,,Y
SALES_DAILY_EU,alert,ETL,EMAIL_ALERT,,,Y
SALES_DAILY_EU,check_orders,ETL,BUSINESS_RULES,,,Y
SALES_DAILY_EU,fetch_orders,INGESTION,PYTHON,,,Y
SALES_DAILY_EU,load_orders,ETL,SQL,,,Y
SALES_DAILY_EU,on_failure,ETL,EMAIL_ALERT,ANY,,Y
SALES_DAILY_EU,setup_orders,ETL,SQL,,,Y
SALES_DAILY_US,alert,ETL,EMAIL_ALERT,,,N
SALES_DAILY_US,check_orders,ETL,BUSINESS_RULES,,,N
SALES_DAILY_US,fetch_orders,INGESTION,PYTHON,,,N
SALES_DAILY_US,load_orders,ETL,SQL,,,N
SALES_DAILY_US,on_failure,ETL,EMAIL_ALERT,ANY,,N
SALES_DAILY_US,setup_orders,ETL,SQL,,,N
SALES_MART,alert,ETL,EMAIL_ALERT,,,Y
SALES_MART,customer_totals,ETL,SQL,,,N
SALES_MART,daily_totals,ETL,SQL,,,Y
SALES_MART,publish,ETL,PYTHON,ANY,,Y
SALES_MART,totals_by_region,ETL,SQL,,,Y
